{
  "0": {
    "precision": 0.9996332966629996,
    "recall": 0.9998166147075005,
    "f1-score": 0.9997249472815622,
    "support": 5453.0
  },
  "1": {
    "precision": 0.9999564497866039,
    "recall": 0.9999129033662849,
    "f1-score": 0.9999346761023408,
    "support": 22963.0
  },
  "accuracy": 0.9998944256756757,
  "macro avg": {
    "precision": 0.9997948732248018,
    "recall": 0.9998647590368928,
    "f1-score": 0.9998298116919515,
    "support": 28416.0
  },
  "weighted avg": {
    "precision": 0.9998944370478998,
    "recall": 0.9998944256756757,
    "f1-score": 0.9998944293660055,
    "support": 28416.0
  }
}