{
  "0": {
    "precision": 0.9571428571428572,
    "recall": 0.9460847240051348,
    "f1-score": 0.9515816655907037,
    "support": 5453.0
  },
  "1": {
    "precision": 0.9872318248935985,
    "recall": 0.9899403388059052,
    "f1-score": 0.9885842266628977,
    "support": 22963.0
  },
  "accuracy": 0.9815244932432432,
  "macro avg": {
    "precision": 0.9721873410182278,
    "recall": 0.9680125314055199,
    "f1-score": 0.9700829461268007,
    "support": 28416.0
  },
  "weighted avg": {
    "precision": 0.9814577841720054,
    "recall": 0.9815244932432432,
    "f1-score": 0.9814834747792168,
    "support": 28416.0
  }
}